Date,Content
2017-04-01,Why doesn't @Apple disengage text function in #iPhones in moving automobiles? Spend money on that instead of politically correct emojis.
2017-05-10,"Hey @Apple I volunteer to stress test the new Mac Pros you're working on. By editing videos on them.\n\n...In other news, new video tonight!"
2017-06-09,Hey @Apple how about acknowledging our Armed Forces in your next emoji update.
2017-06-29,"Here's the moment Steve Jobs unveiled the #iPhone, a decade ago.\n\n#iPhoneAt10 \n(via @ValaAfshar) $AAPL \nhttps://t.co/IiDNVhDbaM"
2017-07-17,"Hey @Apple, where is our emoji?\n\n#NationalEmojiDay https://t.co/CrTBJFWyro"
2017-07-17,"Hey @Apple \nFor new emojis, I suggest something like this. Zombies &amp; dinosaurs are cool but skaters are more in your demographic\nThanks\nTony https://t.co/YaKzbd2of0"
2017-07-23,"Teamed w/ @Apple to make the biggest, coolest, sexiest, funnest (is that a word?) movie ever. Drops TOMORROW!\n#ROCKxSIRI #DominateYourDay‚úäüèæ https://t.co/STwlCPsVUh"
2017-07-24,WORLD PREMIERE: Hardest working man in show business teams with @Apple &amp; the greatest assistant on the planet. #DominateTheDay #ROCKxSIRI https://t.co/dEup152HQf
2017-08-01,Apple has $261.5 billion in cash. It could buy: \n\nUber\nTesla\nNetflix\nAirbnb\nTwitter\n\n...and still have $29 billion left. $AAPL
2017-09-04,Yo the @Apple twitter account is nuts. It's tweeted tens of thousands of times and still shows 0 tweets. Hax https://t.co/XMGcmRZg2f
2017-09-12,"The iPhone ""X""? ü§îü§îü§î @apple I\'ll see you in court sweetie. https://t.co/oe8IEHDry5"
2017-09-13,So @Apple if you hold your iphoneX up to your birds face when she's asleep will it unlock? Asking for a mate
2017-10-11,We all saw @Eminem take down @realDonaldTrump. Did you know he also BODIED @Apple today? https://t.co/nIGuErlSDH
2017-10-21,I‚Äôm assuming someone has told @Apple that the latest iOS update is terrible
2017-10-30,Yo @Apple where's my experience bro https://t.co/0yrBQHNSQO
2017-11-04,This video explains my last tweet üòë\n\nhttps://t.co/gN5b4RzmZF\n\nWe just hacked the iPhone X @Apple
2017-11-06,Wassup w dis question mark in a box for the I? @Apple
2017-11-06,"Dear @Apple, I'm sorry I did this w/ your iPhone X Animoji. I'm stuck at LAX on a loooong flight delay, so WHAT CHOICE DID I HAVE REALLY??? https://t.co/kWPIz58fve"
2017-11-06,Hey @apple when is this ‚ÄúIÔ∏è‚Äù shit gonna end!?!
2017-11-09,"Hey @Apple you win.  I bought the new iPhone X.  Can you unFuck my current one until it arrives??? Sincerely, everyone on the planet who installed your bullshit update.  xoxo"
2017-11-11,Hey @Apple FIX these phones!!!
2017-11-21,"Dear @tim_cook, @pschiller and @Apple:\n\nThe iCloud team sent out an incorrect email. I fixed it for you, below. Thanks! https://t.co/BdeydktoSW"
2017-11-22,Real love is never a waste of time.  \nSuch an honour for @Apple to choose  'Palace' to soundtrack their holiday advert. I hope you enjoy watching https://t.co/H87Xak5NfU üñ§üçè
2017-11-28,"Dear @AppleSupport, we noticed a *HUGE* security issue at MacOS High Sierra. Anyone can login as ""root"" with empty password after clicking on login button several times. Are you aware of it @Apple?"
2017-11-28,"@AppleSupport @Apple You can access it via System Preferences&gt;Users &amp; Groups&gt;Click the lock to make changes. Then use ""root"" with no password. And try it for several times. Result is unbelievable! https://t.co/m11qrEvECs"
2017-12-12,"I have used only @Apple since 1984. Every time I go to the Apple Store, I am reminded why this is the best company on earth. Nichole and Fadi were so helpful and pleasant at the Apple Store in Caesar‚Äôs Palace today. GREAT people and great products make @Apple the best there is!"
2017-12-23,"Dear @Apple , \n\nTrust me when I say this, I KNOW THAT I DONT HAVE THE IPHONE X...you don‚Äôt have to kill my battery life and slow down my phone drastically for me to know that...I‚Äôm still an IPhone 7 lover... so I‚Äôd appreciate it if y‚Äôall stoppedüôÑ #getalife"
2017-12-27,"In a strange way, it‚Äôs good to know I‚Äôm not going crazy and I‚Äôm not alone....my iPhone is slow as hell and it‚Äôs a devious scheme by @Apple not Russian hackers causing it."
2018-01-11,ALRIGHT @APPLE CALM DOWN. i get it!!!!!! ill get a new phone you don‚Äôt have to keep making my current iPhone worse and worse OMG.
2018-01-20,".@KellyannePolls: ""If you voted against the tax cut last month, you voted against 20,000 jobs from @Apple this month."" #Hannity https://t.co/5MCdRzF7tn"
2018-01-22,I am grateful to my friend Tim and @Apple for investing in our dream of a world where every girl can choose her own future. Together we will support the incredible girls we met in Beirut and millions like them around the world. https://t.co/nMm8aOuQVy
2018-01-22,"Apple is proud to support the courageous, visionary @Malala in advancing every girl‚Äôs right to 12 years of free, safe, quality education. Together we‚Äôre committing to expand the reach of @MalalaFund and provide secondary school opportunities to girls around the world. https://t.co/K9I64tJTWh"
2018-02-11,My @apple watch alerted me that I had reached my move goal for the day... as I was sitting on the ground... shoveling a giant slice of pizza into my mouth. \n\nI‚Äôm starting to really love this watch.
2018-02-23,"Two gun safety groups want Apple, Amazon, Google and Roku to remove the NRA's online video channel from their streaming platforms https://t.co/AQ8SJ4gw3U https://t.co/e8OBBDNy1d"
2018-02-24,Lawyers from @Apple @amazon @Google and @RokuPlayer should watch these disturbing videos and remove this channel. They incite violence and could make anyone streaming them liable. https://t.co/sSDmwPKBIo
2018-02-24,Memo to @Apple:   Outrage is mounting.  Boycotts are building.  Be the first streamer to announce an end to spewing NRAtv's hate-filled rhetoric. Get out ahead of what's to come.   #StopNRApple doesn't need to trend... https://t.co/VBoSYUS3DZ
2018-02-24,20 brands have dumped the @NRA: \n\n@MetLife\n@symantec\n@LifeLock\n@BestWestern\n@Wyndham\n@Alamo\n@NationalPro\n@Enterprise\n@FNBOmaha\n@Hertz\n@Budget\n@Avis\n@NortonOnline\n@northAmericanVL\n@alliedvl\n@SimpliSafe\n@ChubbNA\n@united\n@Delta\n@TrueCar\n\nBETTER HURRY UP\n@amazon\n@FedEx\n@Apple\n@Google
2018-02-24,"How do you go from unknown kid to having a verified twitter account within days if there isn‚Äôt some collective agenda being pushed, like its sooo obvious."
2018-02-25,"This @NRA spokesman, @NRATV host and conspiracy theorist is accusing the Parkland survivors of being a hoax. This is DISGUSTING. When will @Amazon, @Apple, @RokuPlayer and @Google #DumpNRATV? https://t.co/cLMZq2iQMF"
2018-02-26,"The only compelling reason for someone to buy an iPhone over more open, less expensive competitors was @Apple's stronger stance on users' right to privacy and security. This story and Forbes' Cellebrite report (https://t.co/insMgQARrY) threaten the core of an iPhone's value. https://t.co/qgXBmnJphl"
2018-02-26,Apple to start putting sensitive encryption keys in China. https://t.co/nPbN2cp7jd
2018-02-26,Everyone. I just called @Apple at 800-275-2273 to let them know I will not give my money to companies that support the NRA. A very nice guy logged my concern &amp; said others have complained too. Call them. Progressive companies like Apple must stop supporting the NRA. #BoycottNRA
2018-02-27,"Since Parkland, 20 corporations have severed their ties to the NRA.  @Amazon, @Apple, and @FedEx have not. This Thursday, join us in a  nationwide, 24 hour #March1NRABoycott of all three. Don't shop, don't  stream, don't ship."
2018-02-27,"Guns kill people. People kill people. The @NRA makes it easier for people to kill people with guns. This Thursday, March 1, join me in a 24 hour boycott of @Amazon, @Apple, and @FedEx for supporting @NRA. Don‚Äôt shop, don‚Äôt stream, don‚Äôt ship. #March1NRABoycott"
2018-02-28,"Stop streaming, shopping, &amp; shipping! Join me tomorrow in a 24-hr boycott of @Amazon, @Apple, &amp; @FedEx to let them know supporting the @NRA is unacceptable.#March1NRABoycott \n\nhttps://t.co/yVDDaOKm9U"
2018-02-28,Activists are calling on streaming services to drop NRA TV and its ‚Äòdangerous and violence-inciting propaganda‚Äô https://t.co/3GyOhaovfE
2018-03-01,"This is why, @amazon @Apple @FedEx! This video compilation of @NRA  violence inciting propaganda is why we are calling for a #March1NRABoycott.  \n\nTomorrow:\n‚Ä¢ Don‚Äôt shop. \n‚Ä¢ Don‚Äôt stream.\n‚Ä¢ Don‚Äôt ship. https://t.co/otxjd1Lu0J"
2018-03-16,"Make FaceTime voicemail a reality, @Apple."
2018-03-25,"@Emma4Change Hey, @Apple, where is the bald shrugging girl emoji we clearly need?"
2018-04-12,I got the new @RED iPhone 8. Each one sold saves lives. Thank you @Apple for leading the way. #endAIDS https://t.co/RpcIND4NNx
2018-04-22,It's impressive the way @apple's engineers make iTunes less usable with each new update. Starting to make Microsoft products look lean and intuitive.
2018-05-06,Apple has completely disappointed me @Apple
2018-05-15,"Also, @Apple, an idea of the future would be the ability to block a number directly from the call screen. \nWe all know nowadays everyone is being bombarded with spam / robo calls. maybe force touching the red button (decline) can give you the option to block a number from there?"
2018-06-22,Can @Apple sign a deal with @DJPaulyD and make him the new voice of Siri?
2018-06-24,"I wonder how many Fortune 500 companies (cc: @Apple @PepsiCo @CocaCola @JPMorgan @Citi @Walgreens @GeneralElectric @Pfizer @Facebook...) will want a woman now known as #BABYSNATCHER on their board. Good luck with all your future endeavors, Kirstjen! https://t.co/6xzBZpJNhW"
2018-07-12,"Florence x Music Lab session for @Apple. \nShot by Vincent Haycock at Emile Haynie's studio in LA, where High as Hope was recorded. https://t.co/Hg0xIaEWdA"
2018-07-20,She said ‚Äúspell check‚Äù got me. \n\n@apple you need to sue for defamation of character.
2018-07-30,"Okay...what is happening here?\n\n@iTunes @apple, are you really choosing to host Infowars on your platform after Alex Jones‚Äô harassment of Sandy Hook parents and Vegas shooting victims and threats to the Special Counsel? How does this not break your Terms Of Service?"
2018-08-02,"As a trillion dollar company, you‚Äôd think that #Apple could figure out a way to make better cords. https://t.co/tTmx0IHLAn"
2018-08-06,NEW: Apple is removing Alex Jones and Infowars' podcasts from iTunes. \n\nThe move is one of the largest enforcement actions intended to curb conspiratorial news content by a technology company to date https://t.co/UhscRUNBO0
2018-08-06,CONFIRMED: @apple has cut ties with Alex Jones and Infowars.
2018-08-06,"Last week, we asked @Apple how the harassment of Sandy Hook parents and Vegas shooting victims didn‚Äôt violate their Terms of Service. Tonight, they decided that it did.\n\nMassive kudos to @Apple for doing what most tech companies have so far refused to do.\nhttps://t.co/YeUhJYxmby"
2018-08-06,Thanks @Apple for dropping Alex Jones. Thanks everyone who has spoken up lately about the need for tech companies to do this. üôå Let's keep the pressure on @Spotify &amp; @Google. We don't object because he is conservative. We object because he is deceptive. https://t.co/WTnWD3VylX
2018-08-06,"Jones getting booted from @Apple @Spotify &amp; @facebook has nothing to do with politics or even hate speech.\n\nIt‚Äôs about companies finally enforcing their own rules.\n\nIf you don‚Äôt think that most companies do that, try walking into a McDonald‚Äôs naked."
2018-08-06,"I've never listen to Alex Jones &amp; refuse to click on inforwars links, but that @Apple, @Facebook, @YouTube &amp; @Spotify all came to the same conclusion on the same day is a tell. This was a coordinated effort by libs to silence him, which is way more dangerous than anything he said"
2018-08-11,Hey @Apple THIS is what people want https://t.co/Gk9ciPLt2C
2018-08-13,"‚ÄúIf you stand for truth, you cannot lose.‚Äù Honored to host @Malala at Apple Park today with @lisapjackson. We are proud of the work Apple is doing with @MalalaFund to advance girls‚Äô education around the world. https://t.co/weuPiKGCwW"
2018-08-13,Good morning.\n\n@facebook @YouTube @apple @Spotify and now @Vimeo have dropped Alex Jones because of his multiple violations to their Terms of Service.\n\n@Twitter has not.\n\nThis says a lot about either their Terms of Service or the ethics of the company itself.
2018-08-14,"Honoured to visit Apple headquarters with my family today. Thank you Tim and the entire @apple team for your warm welcome, friendship and support."
2018-08-21,This is a big deal. @google @apple \u2066@IBM\u2069 all drop college degree requirement from hiring criteria. https://t.co/Mz87FNheE9
2018-09-13,AND adding to the story: No more headphone jack dongle included in the box. A trillion dollar company just removed a simple accessory that costs pennies to manufacture. The proprietary dongles are basically pure profit for @apple. (That's why they sell 23 different kinds now.) https://t.co/lnCF41g3IO
2018-09-13,I‚Äôm really grateful to @Apple for changing those annoying headphone jacks that worked with all the other headphone devices in the world. It‚Äôs super fun to have to keep track of the little attachment and carry two sets of headphones. Helps the customer so much which is üòé awesome!
2018-09-21,I‚Äôm so happy nowüòä\n#iphonexsmax \n#apple https://t.co/E2Zz8JmMvm
2018-09-27,Glad to get my hands on the latest iPhone! Thank you @Apple ... really enjoying the amazing Portrait Lighting. #shotoniPhoneXSMax https://t.co/PaRVINYpUW
2018-10-02,.@NCTsmtown_127 is announced as @Apple's 'Up Next' artist. Stay tuned for more information about its upcoming North American promo tour and album drop.\nPhoto: Gary Coronado/@latimes https://t.co/WNX4ai46C0
2018-10-17,"Dear @Apple \n\nPlease change the button on FaceTime to flip your camera to where the f*ck it was before!\n\nSincerely,\nEvery single person on earth"
2018-10-23,"Well, this is going to be fun! @apple @SteveCarell #JenniferAniston #DreamJob https://t.co/tMGoGh9B8R"
2018-10-30,Thank you @Apple for including me in this amazing ad! #BehindTheMac #ad x https://t.co/CM7948rMCN
2018-10-30,The photo used for the #BehindMyMac @Apple #Ad was @ShawnMendes‚Äô Instagram from June 2016. Who remembers that post? Crazy what can happen in 2 years! https://t.co/tKRLGjnQ7z
2018-11-06,"Last week we released a podcast discussing the ultimate argument for Bitcoin.\n\nIt exploded &amp; ranked #4 in US investing category before mysteriously being taken down by @Apple.\n\nWe had no warning. We don‚Äôt know why.\n\nThey took down our podcast, but they can‚Äôt take down Bitcoin!"
2018-11-19,% Below 52-week High...\n$FB: -40%\n$AAPL: -20%\n$AMZN: -26%\n$NFLX: -36%\n$NVDA: -49%\n$GOOGL: -20%
2018-11-27,Visiting the Wilder School District today with Tim Cook to learn firsthand how they are preparing America‚Äôs future workforce using @Apple technology to transform the learning environment and personalize students‚Äô educational experiences based on their unique needs and strengths!
2018-12-14,"Home for good? The character rights to Spider-Man and associated characters may revert back to @MarvelStudios in the near future, as @Variety predicts that @Apple could purchase @SonyPictures sometime next year!  https://t.co/yepsQSIU6x https://t.co/3fzEMX8OCk"
2019-01-02,An 80% retrace of the multi-year parabolic advance should bring $AAPL to $46 https://t.co/rdGnarBjlG
2019-01-09,""".. And we are calling it ... IPHONE.""\n\nSteve Jobs unveiled the iPhone 12 years ago this week.\n\n(h/t @ValaAfshar) $AAPL\nhttps://t.co/IiDNVhDbaM"
2019-01-17,Big things to come ü§Ø @Apple https://t.co/Dq3QGvdMfC
2019-01-25,#shotoniphone continued @Apple https://t.co/TD2hwb5Noj
2019-01-29,Apple Revenue (Billions)...\n2018: 262\n2017: 229\n2016: 216\n2015: 234\n2014: 183\n2013: 171\n2012: 157\n2011: 108\n2010: 65\n2009: 43\n2008: 37\n2007: 25\n2006: 19\n2005: 14\n2004: 8.3\n2003: 6.2\n2002: 5.7\n2001: 5.4\n2000: 8.0\n1999: 6.1\n1998: 5.9\n1997: 7.1\n1996: 9.8\n1995: 11\n$AAPL
2019-01-31,"Since its IPO in 1997, Amazon has made $20 billion in cumulative net income. Apple made $20 billion in net income last quarter alone.\n\nAmazon market cap: $840 billion (largest company in the world).\nApple market cap: $787 billion.\n\n$AMZN $AAPL"
2019-02-14,The fact that @tim_cook hasn‚Äôt made @antoni an ü•ë avocado green iPhone though... #wheresthejustice https://t.co/rhwI2kXdWt
2019-02-14,"I‚Äôd sport that. Your move, @Apple üòú"
2019-02-18,Dear @apple what we need in iOS 13 is this..  üò≠ https://t.co/Z8F3otTJ5E
2019-02-20,We need those pink heart emojis @Apple https://t.co/GZZJuiAxvz
2019-02-26,Women are not your property! Women are not your property! \nWomen are not your property!\n\nSo why are @Apple and @Google hosting an app that allows men to track and control women‚Äôs movement in Saudi Arabia?\n\nThis insanity needs to end!  https://t.co/rsRmg06B0J
2019-03-14,"Got that WWDC invite, June 3-7th. Crossing my fingers we get AT LEAST A PREVIEW of the new Mac Pro. Maybe just a peek. Maybe drop 1 or 2 specs? Or let us touch it? üôÉ @Apple https://t.co/JZ5sbZ1xFu"
2019-03-15,"So happy to be apart of this one, RIP w/ the amazing @SoSofiaReyes and @Anitta RIP to the BS ‚ù§Ô∏èout now!! Thank you so much @spotify @apple and all of you for supporting! I hope you vibes with this as much as we do! Ladies stand up! #RIPtotheBSüë∏üèºüë∏üèºüë∏üèª\nhttps://t.co/SzXM9OHrQY https://t.co/CJYTqRP0WX"
2019-03-21,"Dear @apple, \n\nWhen we type y‚Äôall, we do not mean tall.\n\nSincerely,\nThe South"
2019-03-25,Who knew the elevator was going to spin? Only at @apple! https://t.co/aIV76v5nRm
2019-03-25,"I‚Äôm partnering with @tim_cook and @Apple to leave this world a little bit smarter, kinder, and better than we found it. Apple TV Plus launches this Fall. #AppleEvent https://t.co/14fkoi1sU7"
2019-03-25,"Excited to announce my new @apple show at the #appleevent! The Morning Show ‚òÄÔ∏è it reveals what happens in the fast-pacedworld of broadcast news. I star alongside Jennifer Aniston, Steve Carell &amp; many other talented cast members. Can‚Äôt wait for you all to see it! Coming this Fall! https://t.co/T1ZtpjhnZl"
2019-03-29,I am so appreciative to be working on two special projects. One with @apple &amp; the other with @lifetimetv ! I look forward to sharing more with you all in the future. Thanks to everyone who has been working so hard behind the scenes to help this all come to life. https://t.co/xxava52FVq
2019-04-18,"Our song ""Last Rites"" from our first album Killing Is My Business‚Ä¶and Business Is Good! is the soundtrack to @apple\'s new film, Don\'t Mess with Mother. ü§ò https://t.co/ecX1Jhf5uZ"
2019-04-27,I‚Äôm elated to announce I will be interning with the Core Siri team at @Apple this summer!\n\nThank you to everyone who has supported me on my journey. It‚Äôs only the beginning! https://t.co/RkI8Orh9QD
2019-05-17,"@MrRobCapewell @Tesla @Apple @ValueAnalyst1 Yeah, feels like something is messed up with Apple news app. Almost only ever shows negative news. Nickname is ‚Äúthe hate stream‚Äù ü§£"
2019-06-01,"The new iPhone update claimed that I can use my phone to pay for subway rides, and what, whaaat? - IT WORKS! #awesome #apple #phoningitin #thefuture #MTA #fourfivesix https://t.co/WXZ7qXMYrQ"
2019-06-03,üò±YOOO I GOT TO WORK WITH @APPLE !!! Shoutout to my costar @DesiPerkins ‚ù§Ô∏èüò≠üëèüèΩ #Apple https://t.co/vPkheuyCK6
2019-06-03,We have been busyyyyyyy!!!! So excited for this! Working with @Apple to show you the new iOS13 MEMOJI updates! Beauty and tech collide üôåüèΩ @patrickstarrr https://t.co/sHXD1mfqD9
2019-06-03,"iOS 13 will have ""Dark Mode."" This is what it looks like.\n\nThank you @Apple. #WWDC19 https://t.co/YVh7EhxqsD"
2019-06-03,.@Apple is using @vuejs https://t.co/RGZ6TIWjMj
2019-06-04,Do it @Apple https://t.co/UXFysKS561
2019-06-04,Do it @Apple https://t.co/vpS7C6dWni
2019-06-12,"üì≤ Each @LFC player has received a customised 24k gold plated @Apple iPhone X after winning the @ChampionsLeague.\n\n‚úíÔ∏è  27 players &amp; Jurgen Klopp will receive a phone, which is personalised with their name and squad number.\n\nüí∞ Each iPhone is worth over ¬£3,500.\n\nüìù IG/idesigngold https://t.co/RWBjkOG3Gi"
2019-06-27,"Hey @Apple how many fucking times do I have to fucking type ‚Äúfucking‚Äù in ten years of fucking owning a fucking iPhone before you fucking people stop trying to fucking nanny me and fucking change it to ‚Äúducking‚Äù? No one is trying to say ‚Äúducking,‚Äù ever, you fucking hall monitors."
2019-07-04,Just got Apple ARKit Face controls working in @cinetracer üçª\n\nThank you to @Apple and @UnrealEngine for making this craziness possible #UE4 https://t.co/TCef7sVbvt
2019-07-07,"In 2009, a friend bought an iPhone. I shouted when I heard how much an iPhone cost! A week later, I bought @Apple shares with the amount he paid for his iPhone. After 3 years, I used the dividend to buy my iPhone. Plant your money. Spend its fruit! #FreeLeahSharibu #RenosNuggets"
2019-07-25,Hey @Apple  can you change the blue in the Puerto Rican flag emoji üáµüá∑ to the official sky blue color? Thanks.
2019-08-06,"Hey @Apple, we‚Äôre literally never typing ‚Äúducking‚Äù for duck‚Äôs sake"
2019-08-21,".@Apple says clean Apple Card with a microfiber cloth, avoid contact with leather and denim https://t.co/rGtJui0qAX https://t.co/i94BuhpWPW"
2019-08-22,@appleinsider @Apple Never place near other cards.\nDo not look directly at card.\nAnnoint with myrrh and francincense once per month.
2019-08-22,@appleinsider @Apple ‚ÄúHello! I I am here to pay with my Apple Card!‚Äù https://t.co/EpMIOEPe08
2019-08-22,A Whole @Apple Store... From Starting On The Phones With No Studio... I Am Speechless https://t.co/Yenhu4g1bP
2019-09-02,MaryV and I for @Apple !\n\nNEVER foresaw a selfie taken in my Pennsylvania bedroom would end up on Apple ads around the world. https://t.co/yC4a4xhtLu
2019-09-10,iPhone 11 launches tomorrow! And I still have an iPhone 6S!!! @Apple #AppleEvent https://t.co/sMvLYcp6H2
2019-09-10,In sunny San Francisco for the @Apple #AppleEvent  üòé https://t.co/tJy2irrLQd
2019-09-10,Android users: iPhone 11 ugly af\n\nAlso Android users when they unlock their phones:\n#AppleEvent  #Apple \nhttps://t.co/MKf9IT6RcU
2019-09-11,DO YALL REALLY GOTTA DROP A NEW PHONE EVERY YEAR üò≠üò©ü§îüòÇ @Apple https://t.co/Utv3tWNZP9
2019-09-11,"Hei @yunamusic , i saw you there. https://t.co/oyIsInXIrt"
2019-09-11,My favorite part of today's @Apple keynote was the  beautiful summary slides. I want to print them and hang them in the wall. https://t.co/25zWK5huzQ
2019-09-12,OH YAYYYYY!!! Thank you @AppleMusic @Apple ‚ù§Ô∏è
2019-09-14,"Hey guys .... m here again ‚ù§Ô∏è\nI took and edited some pictures yesterday with my phone @Apple \n I hope you all like it ,  help me like and RT https://t.co/RLhBNhRN98"
2019-09-23,"The only thing more thrilling than being captivated by a book is being able to share it with others. Which is why I‚Äôm excited to bring @oprahsbookclub to @apple starting TODAY! My first pick, The Water Dancer by the brilliant Ta-Nehisi Coates. It will enthrall you. #ReadwithUs https://t.co/DG99kTKrWu"
2019-09-23,An @apple moment in the Big Apple! \nMy @oprahsbookclub pick ‚ÄúThe Water Dancer‚Äù by Ta-Nehisi Coates is already #1 on @AppleBooks! Get a copy here: https://t.co/FPv4e94BPg üìöüçèüìöüçéüìö https://t.co/P9n4dwgJhV
2019-09-30,I have been trying to get a job @Apple for 2 years now and today I‚Äôm proud to announce that I‚Äôve been rejected yet again for the 4th time ü•∞ü•≥üéâüéä
2019-10-03,Here‚Äôs my 1st shot with the new @Apple iPhone 11 Pro Max. #iphonography https://t.co/k2DAl9Zp9F
2019-10-21,"Dear @Apple,\n\nPlease consider adding an option to let people say ""Siri, please"" rather than ""Hey, Siri"".   When asking her to help me with something, I would like to be more polite about it. \n\nThank you,\n\n-Grey"
2019-10-28,".@Apple has officially announced its second-generation AirPods, the #AirPodsPro. \n\n‚úîÔ∏è Flexible Ear Tips in 3 Sizes\n‚úîÔ∏è Force Sensors\n‚úîÔ∏è Active Noise Cancellation Mode\n‚úîÔ∏è Transparency Mode\n\nAvailable October 30 for $249 USD. \nDetails: https://t.co/V6c9g7xdeI https://t.co/A2vsBFrKBp"
2019-10-29,GOODMORNING @APPLE https://t.co/RtbXDSkAo8
2019-10-30,airpod pros are wild!! going to go blast my unreleased songs w them in. i‚Äôll let u know how they sound;) @Apple https://t.co/BvZEaVWsBc
2019-10-30,"ANNOUNCEMENT!\n\nI‚Äôm launching a new podcast: ‚ÄúBook of Basketball 2.0.‚Äù \n\nA deep dive on the best modern players, most influential games, my new HOF Pyramid, and the biggest NBA changes since I wrote my book in 2009. Launches next week. Subscribe on @apple\n\nhttps://t.co/Ofx0iXcd51"
2019-10-31,these are the best I‚Äôve ever used ever.  bravo @Apple üëèüëèüëè https://t.co/sXg7UL4xjY
2019-10-31,I got AirPods for #Halloween! Hope I don't lose one! @Apple https://t.co/gf8E3FHwnT
2019-11-07,"Random gentleman sitting behind me deconstructed a paper clip and plucked it out after 22 attempts. Good lord ,I was so relieved to get it out \n@Apple issue!!!"
2019-11-16,Dear @tim_cook: I am horrified to learn you invited Trump to tour your Austin @Apple site on Wednesday. He hates LGBTQ people. Immigrants. Brown &amp; Black people. Women. Muslims. Rethink this decision.  Role model Apple‚Äôs values. Stand up to hate. #SaturdayMorning
2019-11-19,"A MOTHER‚ÄôS LOVE\n\nA cellphone store in Lapu-Lapu City shared a touching story of a mother who used all her savings, most of them came in coins, to buy her daughter her first-ever cellphone. (Photos courtesy of K &amp; L Marketing) https://t.co/Q2EvxGJxgw"
2019-11-19,Hey @Apple maybe you can give her daughter your latest iPhone
2019-11-19,".@Apple, one of the early signers of our #PledgetoAmericasWorkers, supports 2.4 Million jobs across ALL 50 states. Tomorrow @POTUS &amp; CEO Tim Cook will be visiting one of Apple‚Äôs major expansions at a new manufacturing site in Austin, TX.  Looking forward! https://t.co/Ihf8FcqrC2"
2019-11-20,"President @realDonaldTrump visited the @Apple manufacturing plant in Austin, Texas, with Apple CEO @tim_cook today! üçè https://t.co/N7JsdluexA"
2019-11-20,Introducing @Apple‚Äôs NEW Mac Pro! \nProudly Made in the USA! üá∫üá∏ https://t.co/GaGdH28muy
2019-11-22,Thanks @Apple https://t.co/hvvaxjiLWr
2019-11-27,Apple maps now say Ukraine's Crimean peninsula is part of Russia https://t.co/6WOjxLIM0d
2019-11-27,".@Apple has complied with Russian demands to show Crimea as part of Russian territory on its apps, when viewed from inside Russia. https://t.co/9S2Dem6IEe"
2019-11-27,Unacceptable. Fix this now @Apple .
2019-11-29,"After my semester in South Korea, I will be returning to Apple as a Siri Software Engineer. I will be the first intern in Apple‚Äôs new Pittsburgh location and the first TMCF Apple scholar to participate in a co-op. Thank you to TMCF, @Apple, #NCAT, and all who support me!!! https://t.co/XVe2hTiErl"
2019-12-03,Companies made their first $1 Billion. \n\n@binance:2 years üëè\n@Google:5 years\n@facebook:6 years\n@Spotify:8 years\n@Dropbox:10 years\n@netflix:10 years\n@Apple:14 years\n@Microsoft:15 years\n@intel:16 years\n@WaltDisneyWorld:69 years\n@IBM:79 years\n\nU can avoid but can't ignore @binance
2019-12-04,"Please never forget how @Apple iphones were da bomb back in the days. Remember how the releases were so innovative? Since Steve Jobs died, it's nothing more than an expensive late version of Samsung/Huawei. \n\nCHAROT.\n\n·¥æ·µÉ·µó·µòÀ°·µÉ‚Åø ‚Åø·∂¶ ∏·µí ‚Åø·µÉ ·µà·µÉÀ°·∂¶ ·µá·µÉ·µè·µÉ À¢·µÉ·µè·µÉÀ°·∂¶."
2019-12-06,What gives @Apple? How come no lyrics for @bts_bighit @halsey on #SUGAsInterlude it‚Äôs almost 2020. No #korean lyrics? ÌïÑÏöî ÏóÜÏñ¥Ïöî? https://t.co/IZgsFYthUe
2019-12-11,Hottest Christmas items this year \n@ChrisEvans @themandalorian @Apple https://t.co/gxayJtofTV
2019-12-14,C'mon @Apple why are you such hypocrite?\n#poopdie  @pewdiepie game banned because it contains üí© #bulbware #pewdiepie https://t.co/mcR5rbqC0m \n@PoopdieGame https://t.co/9D4ppz8AsU
2019-12-17,It gives me great hope to know that girls fighting for their education have an ally in Tim Cook. I value his personal dedication to our work and I'm proud to call him my friend. Thanks to Tim and @Apple for helping to build a world where every girl can choose her own future.
2019-12-17,".@Malala is an unparalleled champion for access to education ‚Äî a basic human right. Apple is proud to continue our partnership with the @MalalaFund to help 130 million girls get a safe, quality education. Thank you @PrezPapazian and the @SJSU community for hosting us today! https://t.co/rAfMCH8U34"
2019-12-31,BLACKPINK becomes the cover of 'K-Pop Hits: 2019' Playlist in Apple Music.\nPlease listen on @Apple Music\nhttps://t.co/sM5QYf0cHb https://t.co/arSpeFEFvJ
2020-01-02,@Apple if u want me to delete this tweet gimme that new iphone w the 3 cameras
2020-01-03,Um... @Apple .....what???? üêï!!! @AppleSupport ???? https://t.co/0nOVZBM26W
2020-01-15,This is what happens when I try to do something for my pal @Rob7Burrow. \n@rickygervais‚Äô DONE with Hollywood. He‚Äôs finished off @apple and @amazon. Then he comes for little old Leeds and our funny shaped balls...\nStitch up...\n-\nhttps://t.co/QdzokHOj4P https://t.co/pdO6E7F8o1
2020-01-16,ALHAMDULILLAH! A piece of Terengganu Featured on @Apple ‚Äòs page! üòçüò≠\n\nTHE SHOT.                THE SHOOTER. https://t.co/4camA1UfdP
2020-01-28,"Apple has bought back $319 billion in stock over the past 7 years, which is greater than the market cap of 490 companies in the S&amp;P 500.\n\n$AAPL"
2020-01-30,"For the first time ever, there are 4 trillion-dollar companies in the US: Apple, Microsoft, Google, and Amazon.\n\n$AAPL $MSFT $GOOGL $AMZN https://t.co/e7FPXJVvFN"
2020-01-30,"Since its IPO in 1997, Amazon has made $30 billion in cumulative net income.\n\nApple has made $36 billion in net income in its last 2 quarters.\n\n$AMZN $AAPL"
2020-01-31,Thank you @realDonaldTrump!\n\nThey even spell out MAGA!\n\nMSFT\nAMZN\nGOOGL\nAAPL
2020-02-17,BREAKING: Fed to launch not QE purchases of iPhones until $AAPL‚Äôs revenue numbers are met.
2020-02-20,Hey @Apple I *hate* that you positioned the question mark right üëèüèª next üëèüèª to the exclamation point.\n\nIt drives me crazy?\n\n...dammit.
2020-02-23,"üö® COPY, PASTE AND EMAIL\n\n@BigHitEnt @AppleMusic @AppleSupport @Apple\n\nWe noticed ""Filter"" and ""BTS Filter,"" a song from Map of the Soul: 7 by BTS (Park Jimin), don\'t appear on iTunes\' search results.\n\nPlease address this immediately. Thank you. https://t.co/N7B5ChsnyO"
2020-03-02,"Happy new month guys ... your favorite phonographer is here Again. . \nSo this is my latest work shot and edited with phone @Apple \nI hope you all like this, comment and retweet üôèüèªüôèüèª . \nKindly follow me to see of my works with just a phone . üì±\n\nAkpororo Messi https://t.co/a2xWoXtK60"
2020-03-07,"what if @AmazonStudios or @netflix or @Apple just bought all the films from @sxsw and did a sxsw x streamer film festival, coronavirus edition. build online community around it. films get bought and seen. and the streamer is a hero to indie filmmakers and fans üé¨"
2020-03-18,New from @Apple üö®\n\nAn iPad Pro with a touchpad ü§Ø‚ö°Ô∏è\nhttps://t.co/TZEBAIHiNH https://t.co/wAarDEMKqR
2020-03-19,"Should @Apple, a company I wholeheartedly support and admire, take this opportunity to bring all its manufacturing and supply chain back to the United States, or face modern economic realities and keep its manufacturing in China and other countries? A 24-hour poll:"
2020-03-21,"So, out of 61,406 votes 96% of the poll participants want @Apple to bring its manufacturing back to America. @TimCook is simply the best business leader alive today. I‚Äôve built my personal financial security owning @Apple stock. I hope you‚Äôre reading this, sir."
2020-03-24,Thanks for having us @apple https://t.co/2NrdgxCJMF
2020-03-27,"Huge thanks to @Apple! Together with the White House, @CDCgov &amp; @fema, Apple launched a COVID19 screening tool that guides users through questions about symptoms and exposure, using CDC guidance to help determine steps they should take, including testing.\n\nhttps://t.co/CN7gO3svKG"
2020-04-01,NEW: @Apple has donated 1.9 million masks to the State of New York with more on the way.\n\nWe are so grateful to Apple for this much-needed gift of critical PPE supplies.\n\nThank you. Thank you.
2020-04-02,"Proud to have donated to support #AmericasFoodFund, a new initiative directly supporting @FeedingAmerica &amp; @WCKitchen to feed those in need &amp; impacted by #COVID19. Thankful for my friends @leodicaprio @laurenepowell and @apple for putting this together. ‚ù§Ô∏è https://t.co/jTxd4WjrgA"
2020-04-02,@ladygaga @FeedingAmerica @WCKitchen @laurenepowell @Apple Thank you so much for your support.
2020-04-03,"My friend @LeoDiCaprio just launched #AmericasFoodFund with @LaurenEPowell and @Apple to help the millions of people unsure of where their next meal will come from. Find out how you can help, here. https://t.co/YWsSXVMV2Q"
2020-04-05,My office is ready for my first day at @Apple tomorrow! https://t.co/yXQL8bAdMN
2020-04-07,@bat__flower the worst part about it is that the @apple store next door had its employees listening to the murder through the wall and failed to call the police and dismissed it as ‚Äúgirl drama‚Äù.
2020-04-07,@bat__flower @Apple you can literally find videos of them listening through the wall
2020-04-07,Jimmy &amp; @LadyGaga FaceTime @tim_cook about @Apple donating to @WHO's COVID-19 Solidarity Response Fund https://t.co/uo9hZQQH64 #FallonAtHome https://t.co/oHHtCdL50E
2020-04-10,"To help public health officials slow the spread of #COVID19, Google &amp; @Apple are working on a contact tracing approach designed with strong controls and protections for user privacy. @tim_cook and I are committed to working together on these efforts.\nhttps://t.co/T0j88YBcFu"
2020-04-10,"I'm very happy to see @Google &amp; @Apple partnering on technology to help w/ COVID-19 contact tracing.  Technology, coupled w/ strong consideration of privacy, will enable public health authorities to create apps w/ appropriate user opt-in.\n\nhttps://t.co/o519oooSb0"
2020-04-10,Unreasonably excited to announce I‚Äôll be (re)joining @Apple to help build out their Open Source Programs Office!
2020-04-12,Very cool to be included in this.  Thank you @Apple https://t.co/oodzdgMCZ2
2020-04-15,".@Apple has announced the new iPhone SE.\n\nThe smartphone comes in 3 colors and is described as a smaller, cheaper version of the iPhone 11 in the body of an iPhone 8. https://t.co/3cjMenFLdD"
2020-04-17,"There is a very simple way for us to get millions of Americans back to work: bring manufacturing back to America. \n\nIf @Tesla can build cars here, @apple can build the iPhone here."
2020-04-18,"Spent some time #AtHomeWithAppleMusic talking with @bazzi, @travismills, and @BrookeReese!\xa0\n\nWatch our conversation now @Apple Music:\xa0https://t.co/Mz1QLPZrU5\n\n#NCT #NCT127 https://t.co/ssKx1QnzbX"
2020-04-18,@NCTsmtown_127 @travismills @BrookeReese @Apple great people üôè‚ù§Ô∏è
2020-04-30,"Dear @jonmchu. I really want to be your friend in real life. You‚Äôre such a light. I hope we get the chance to grab some frozen yogurt and talk movies one day. Until then, keep shining, kind sir!\n \n[Chu, CRAZY RICH ASIANS, 2018] https://t.co/LsiklqkMuw"
2020-04-30,"YES YES YES YES YES PLEASE. Also we sat next to each other at an @Apple event years ago and I was so nervous and you held my hand. I could feel your warmth just in the way you held my hand for those brief seconds and it calmed me....and in a way, ever since. THank u for all u do"
2020-05-12,when is @Apple gonna release a mask with a speaker in it that somehow connects with ear buds?
2020-05-14,üòÇüòÇ‚ù§Ô∏è but ummm @Apple @Google  @amazon  I‚Äôm available thoüëÄ https://t.co/QQCzfTcxBb
2020-05-20,The #COVID19 Exposure Notification technology we built jointly with @Apple is now available to public health agencies in support of their contact tracing efforts. Our goal is to empower them with another tool to help combat the virus while protecting user privacy.
2020-05-21,*APPLE IS SEEKING AN EXECUTIVE TO LEAD ORIGINAL PODCAST EFFORT\n*APPLE IS BUYING ORIGINAL PODCASTS THAT WOULD BE EXCLUSIVE\n*APPLE'S NEW PODCASTS WILL HELP PROMOTE TV+ VIDEO SERVICE\n*APPLE FACES THREAT FROM SPOTIFY'S PUSH INTO EXCLUSIVE PODCASTS  $AAPL $SPOT
2020-05-21,Hey $AAPL call me. We have some great shows and actually own the rights to them
2020-05-24,Here‚Äôs my first 6 digit bounty from @Apple. Blog post will be up next week. #bugbounty https://t.co/QygxvtGYJb
2020-05-25,@Kwabenaxii @Apple AND GIVE US A SEPARATE VOLUME BUTTON FOR FACETIME AND MEDIA!!!!
2020-05-25,"If you are one of the people my 3-year-old son sent a $1 @apple pay request to this evening from my phone, please ignore. I didn‚Äôt even know this was a thing you could do. But I‚Äôm sure if you received it, you are quite confused."
2020-05-27,Our new mini album is out now! Check out #FANTASIA now on @Apple Music\n\nhttps://t.co/SCgMcB5BZ0\n\n#MONSTAX #MONSTA_X #Î™¨Ïä§ÌÉÄÏóëÏä§\n#MONSTAX_FANTASIA\n#Î™¨Ïä§ÌÉÄÏóëÏä§_ÌåêÌÉÄÏßÄÏïÑ
2020-06-13,hey... @Apple do u know blackpink? ‚ù§
2020-06-13,saw blackpink ros√© is using @apple and decided to buy a few things as well! https://t.co/TjGjILiDSY
2020-06-13,I have been a loyal android user for years now. But seeing my favorite artist Ros√© of @ygofficialblink's so clear and amazing selfie using an @Apple  iPhone 11 made me change my smartphone. So I immediately went out and bought one! Thank you Ros√©! This has so many cool features! https://t.co/mzdqQH9qnK
2020-06-19,I think @Apple just called the UK government liars.\n https://t.co/XTTWsrFU5e
2020-06-20,Rally programming starting now. Here‚Äôs the scene outside. https://t.co/CRnV6b4LfY
2020-06-20,I saw more people in line at my local @Apple store.
2020-06-22,.@Apple finally unveils the latest iOS 14 which completely redesigns the way we use the iPhone. üì± \n\nWill you be upgrading?\n\n https://t.co/Mc7tNTbOXV
2020-06-28,"Dear @federalreserve how does buying AAPL bonds (#5 in your bond buying Index) which allows the company to fund record buybacks, help the US middle class? \n\nhttps://t.co/3GJpqtBJeQ https://t.co/Sem7kwjxuQ"
2020-06-29,1/ Thirteen years ago today - 6/29/2007 - the 1st iPhone went on sale. It seems like it‚Äôs been around even longer. The @WSJ knew it was a big deal and gave major play to my 6/27 review - one of the first few made possible by @Apple  - written with my colleague @KatieBoehret. https://t.co/uAslTcf3uW
2020-06-29,"""Innovation has nothing to do with how many R&amp;D dollars you have. When $AAPL came up with the Mac, IBM was spending at least 100 times more on R&amp;D. It\'s not about money. It\'s about the people you have, how you\'re lead, and how much you get it.""\n\n-Steve Jobs\n\n$TSLA &amp; @elonmusk ‚úÖ https://t.co/6z4YHPQVkI"
2020-06-30,i just finished my first day at @Apple !‚ò∫Ô∏èü•≥ü•≥
2020-07-02,Thank you #PresidentTrump for signing an executive order banning #H1Bvisas .  Hi-tech jobs should go to Americans instead of foreign nationals. Shame on you #Apple and CEO #TimCook. @realDonaldTrump @Apple @FoxNews @TuckerCarlson
2020-07-05,[üéû #G_TODAY] \n\n#Ïó¨ÏûêÏπúÍµ¨ #GFRIEND\nÂõû:Song of the Sirens \n\n#Apple #OOTD https://t.co/10sxMGlP8e
2020-07-05,[üéû #G_PAPER] \n\n#Ïó¨ÏûêÏπúÍµ¨ #GFRIEND\nÂõû:Song of the Sirens \n \n#Apple #wallpaper\n‚ñ∂Ô∏è https://t.co/ch3rF7INJz https://t.co/HJnVW8pPxR
2020-07-06,"After 4 years at @Apple, I‚Äôm pumped that today is my first day at @Tesla!\n\nLet‚Äôs accelerate the world's transition to sustainable energy!!\n\nüöóüîãüöÄ https://t.co/8s7iZA3KAp"
2020-07-06,Big tech returns in 2008 recession...\n$MSFT: -44%\n$AAPL: -57%\n$GOOGL: -56%\n$AMZN: -45%\n$QQQ: -42%\n\nBig tech returns YTD in 2020 recession...\n$MSFT: +34%\n$AAPL: +28%\n$GOOGL: +12%\n$AMZN: +65%\n$QQQ: +22%\n\nData via @ycharts
2020-07-07,"Apple's cash pile is so big it could repay all its $100 billion of debt obligations, and still have roughly $83 billion left over.\n\nSo, why does it take on debt in the first place? https://t.co/kkiWThyFcf"
2020-07-07,And maybe @apple should make phones in America instead of in a country which has concentration camps like China.  Their stack of cash might be smaller but I bet it would still be pretty big.  How do they rationalize not caring about that issue? Does anyone ever ask them?
2020-07-10,Is Buffett's $AAPL position the greatest trade ever?\n\n$36 billion cost basis\n$92 billion value today\n~$56 billion in profit in a little over a year.\n\nAnything else come close on this scale?
2020-07-11,[üéû #G_TODAY] \n\n#Ïó¨ÏûêÏπúÍµ¨ #GFRIEND\nÂõû:Song of the Sirens \n\nüçé #Apple #OOTD https://t.co/iQSXyoxJM8
2020-07-11,[üéû #G_PAPER] \n\n#Ïó¨ÏûêÏπúÍµ¨ #GFRIEND\nÂõû:Song of the Sirens \n \nüçé #Apple #wallpaper\n‚ñ∂Ô∏è https://t.co/cyuw0UgZty https://t.co/6rVv3pD4Q1
2020-07-13,#Ïó¨ÏûêÏπúÍµ¨ #GFRIEND\nÂõû:Song of the Sirens \n&lt;Apple&gt; Official M/V\n\n‚ñ∂Ô∏è https://t.co/7uWO9k9Uh9\n\nüçé #Apple \n#Âõû_Song_of_the_Sirens https://t.co/CUcRCnyKdM
2020-07-14,"Today in partnership w the @AdCouncil, @Apple, @IBM &amp; private sector leaders our #PledgetoAmericasWorkers launched a robust ad campaign+website to connect all Americans to NEW pathways &amp; jobs!\n\nNever been a more critical time to explore new opportunities‚§µÔ∏è\nhttps://t.co/dRZMdZyON4 https://t.co/AJ88lIlkgy"
2020-07-20,PLEASE TAKE A MOMENT TO APPRECIATE MY WORK BY TAGGING @DONJAZZY\n @Apple \n@TundeEddnut \n@instablog9ja \n@GossipMillNaija \n\nOr anybody  that can help out with a cameraüò©üôè‚ù§Ô∏è\n\n#jacuzzi #laycon #TachaEveryWhereUGo #bbnlockdown #bbnaija2020 https://t.co/bVeucI2hJ1
2020-07-21,".@tim_cook, will you pledge that @Apple is #slavefree?"
2020-07-24,Big win for PM @narendramodi #MakeInIndia campaign. @Apple starts manufacturing flagship top of the line #iPhone11 in india. At foxconn plant in Chennai. @rsprasad @IndiaToday
2020-07-31,"My very 1st $AAPL pick up. Coulda bought a cartier bracelet. Instead turned $8,600 to $330k. Could buy a house to now put the bracelet in. No maintenance or rehab, necessary. \nYa guru: ‚ÄúYoU sHoUlD cAsH oUt‚Äù https://t.co/H3H6TTvNY2"
2020-08-06,"A friend from college has had nearly 100% of his net worth in $AAPL for the past 15 years. As a professional investor, I‚Äôve always told him he was too concentrated. \n\nHe just sold his stock and bought a $3 million apartment in NYC. \n\nI still rent. Fml"
2020-08-07,"SOME NEWS!!..\n\nAs of September you can find me in my brand new home at @Apple \uf8ff\n\nI‚Äôm over the moon to be taking on the role of Lead Cultural Curator for @AppleMusic AND host on @Beats1!\n\nTime for another unforgettable chapter, let‚Äôs have some fun üéâ https://t.co/IdKIAXnz8U"
2020-08-13,"1. Apple sells billions in bonds, even though they don't need to;\n\n2. @federalreserve buys the bonds with taxpayer-supported funds;\n\n3. Then $AAPL buys back their own stock, pushing price up, making the rich richer.\n\nIf Americans understood this, they would be burning down D.C."
2020-08-13,Apple &gt; Fortnite \n\nApple has a right to set the rules for their own platform epic games clearly broke those rules. \n\nIf @liljarviss is banned from Fortnite for breaking rules then @FortniteGame should be banned from @Apple for breaking rules.
2020-08-16,"Hey @Apple: No one says ‚Äúducking‚Äù, literally no one. Fix this autocorrect ‚Äúsuggestion‚Äù please."
2020-08-17,"@SarahKSilverman We‚Äôre in, Sarah. We are giving our employees Election Day off in the U.S. this year and partnering with https://t.co/xCeRVPElyc to encourage employees to vote."
2020-08-17,Who else is stepping up?? @Apple @IBM @Facebook @TMobile @sprint @generalelectric @pfizer @Citi @WellsFargo @ProcterGamble
2020-08-19,How to build a 2 trillion dollar company: #Apple https://t.co/8RBfFoZYjz
2020-08-28,AAPL just 2% away from surpassing the entire Russell 2000. This is absolute insanity https://t.co/mblZO5TAZv
2020-09-01,AAPL is up one Exxon in the past 48 hours
2020-09-01,I'm not selling until $AAPL's market cap exceeds world GDP.
2020-09-03,"Every time someone has created a platform that is advertising-free, people flock to it - cable, the App Store, AppleTV, pay-service streaming media . Then the creators stop slipping in the ads and it‚Äôs all junk again. Steve Jobs: ‚ÄúDon‚Äôt make junk!‚Äù Wise up,  @Apple."
2020-09-03,AAPL is down a quarter trillion dollars in 24 hours.
2020-09-04,"In the past two days, AAPL has lost $365 billion in value, more than the market cap of 491 companies in the S&amp;P500"
2020-09-10,What was my guy trading https://t.co/r4eaVqGSyp
2020-09-10,AAPL &amp; TSLA new investors when they realized they bought the top.
2020-09-15,I hope @Apple can shed some light on how Mueller‚Äôs team managed to ‚Äúunintentionally‚Äù wipe their government-issued iPhones.\n\xa0\nRead my full letter to Tim Cook here ‚Üì https://t.co/6O7VynmcB4
2020-09-15,"Friendly competition is in our DNA. Welcome to the world of digital fitness, @Apple."
2020-09-16,looks like @Apple updated their #iOS14 messaging on the website https://t.co/rPTwiOkg0W
2020-09-17,got that ios14.  nice work @Apple super nice
2020-09-19,We need these heart emojis @Apple https://t.co/aEaslTCVen
2020-09-23,I‚Äôve never been more bullish on teslas future. Its never been more clear.  The tesla team is the smartest in the world.  Write this down. In 10 years. Tesla will be bigger than Apple. $tsla $aapl
2020-09-28,Biggest mistakes of the century:\n\n80s: Apple $AAPL is only a PC maker üíª\n\n90s: Amazon $AMZN is only an online bookstore üìö \n\n00s: Google $GOOG $GOOGL is only a search engine üåê\n\n00s: Netflix $NFLX is only a DVD rental company üìÄ \n\n10s: Tesla $TSLA is only an automaker üöó
2020-09-30,Maybe the worst designed product in the history of modern technology @apple https://t.co/9wt5ZEu2mM
2020-10-01,"um so i was just at the train station and i was recording a voice message to send to someone, all of a sudden my airpods cut out and MY VOICE WAS PLAYING OVER THE TRAIN STATION TANNOY UM?! @Apple HELP???"
2020-10-09,"Hello @Apple and @MercedesBenz, Special Anti Robbery Squad (SARS) unit of @PoliceNG are harrassing and killing Nigerian youths for owning an iPhone and/or driving Benz. \n\nPls lend your voice too.\n#EndSarsNow"
2020-10-09,Dear @Apple\nNigerian policemen kill young people for owning an iPhone.\n\nDear @MercedesBenz \nNigerian policemen kill young people for buying your cars.\n\nDear @Nike @adidas\nAre you aware young people are killed for buying your trainers?\n\nPls lend a voice. Help us.\n#EndSarsNow ‚úä
2020-10-09,Dear @Apple do you know youths in Nigeria are being brutalized for merely using an iPhoneüò≠üò≠üò≠ #EndSARS #EndSarsNow #EndSarsProtests
2020-10-09,"Dear @Google during the Black Lives Matter Protests, you changed your avatar to support the movement. It is only fair that you change your avatar to #EndSarsProtests in solidarity for the Nigerian Youths. Our lives matter too.\n\nKeep RTing this!"
2020-10-09,"Dear @Apple during the Black Live Matter protest, you restricted us from streaming music as your part to support the movement,It is only fair that you do the needful and support the #EndSARSProtest cos most of your customers are Nigerians and they‚Äôre killing us for using iPhones"
2020-10-12,"If you bought $AAPL in 2007 instead of the original iPhone for $599 you would have $59,420 today."
2020-10-13,A new way to LIKE the #Apple.\nTOUCH the LIKE button and see the new animation.\n#AppleEvent\n#iPhone12 https://t.co/yRuygxRBIX
2020-10-13,"Today, Apple launches iPhone 12.\nThey have said many nice things about it including being 5G enabled.\n\nDear @Apple,\nAre you aware that the Nigerian police kills young people for buying your phones?\n\nThis is the urgent message young Nigerians have for you. RT till @Apple see this."
2020-10-14,"Dear @Apple, \n\nWhen Nigeria needed you most, you failed to associate with us. Just one solidarity tweet would have made Nigerians loyal to #Iphone. Alas, many Nigerians are now vowing to port to @SamsungMobile\n\n#SARSMUSTGO\n#EndSWAT\n#EndSARS\n#SARSMUSTEND\n#EndPoliceBrutalityinNiger"
2020-10-15,Who did this üòÇüòÇ\n#AppleEvent #5G\n#Apple #5Gsfor5G\n#Apple12 #iPhone #Memes\n#iOS14 #iPhone12Pro \n#iPhone12 #iPhone12ProMax https://t.co/KueMxsV9dO
2020-11-01,@pmcafrica @Apple @SamsungMobileSA Imagine stepping out to the toilet only to get back to find your skrrr skrrr friend frying your phone for a tik tok video üôÜüèæ\u200d‚ôÇÔ∏èüôÜüèæ\u200d‚ôÇÔ∏èüôÜüèæ\u200d‚ôÇÔ∏èüôÜüèæ\u200d‚ôÇÔ∏è
2020-11-01,@pmcafrica @Apple @SamsungMobileSA Why would you cook a phone? https://t.co/hfivg4JSNR
2020-11-01,@pmcafrica @Apple @SamsungMobileSA Yeah cuz In a real life situation Im just going to Accidentally drop an iPhone that came out in 2014 in boiling hot water and wait 5 minutes to take it out Nice üëçüèæ
2020-11-01,@pmcafrica @Apple @SamsungMobileSA Andriod users always tryna prove a point........
2020-11-01,"@LQuanaty @pmcafrica @Apple @SamsungMobileSA No, iPhone users are always in our faces about their phones as if we can't afford them. We can, but we choose Samsung/Huawei because they are WAY better than iPhone. Overrated"
2020-11-02,I‚Äôd like to give a big ‚Äúfuck you‚Äù to @Apple for making it so hard cancel app subscriptions. That‚Äôs intentional. Obviously. Even the instructions to cancel are written wrong.
2020-11-10,"Computer, enhance\n\nNice tools, @Apple üòé https://t.co/fT4DYv9XSj"
2020-11-13,Anyone else‚Äôs iPhone slowing down and glitching ever since the iPhone 12 came out? @Apple seems like quite the coincidence
2020-11-20,Biggest mistakes of the century:\n\n80s: Apple $AAPL is only a PC maker üíª\n\n90s: Amazon $AMZN is only an online bookstore üìö \n\n00s: Google $GOOG $GOOGL is only a search engine üåê\n\n00s: Netflix $NFLX is only a DVD rental company üìÄ \n\n10s: Tesla $TSLA is only an automaker üöó
2020-12-05,"So @Apple let me get this straight. You had a FOURTH QUARTER of nearly 65 billion dollars but my phone still changes ‚Äúfucking‚Äù to ‚Äúducking?‚Äù Well, fuck (correction overridden) you."
2020-12-07,"NEW: CA has partnered with @Google and @Apple to launch a #COVID19 exposure notification app, CA Notify.\n\nStarting Thursday, you can opt in to get push notifications on your phone if you have been exposed to COVID-19.\n\nThis is 100% private &amp; secure.\n\nMore: https://t.co/xtXFwVeWc2"
2020-12-08,pls @apple can y‚Äôall run me a new computer. this macbook is on it‚Äôs last legs. üíÄ https://t.co/I2XmRLZ2sP
2020-12-08,Apple AirPods Max: $550\n\nhttps://t.co/Rqv1EkAorf https://t.co/6lGRC8PMwt
2020-12-08,Consider it done. New @apple MacBook on the way. My pleasure to help you bring us into 2021 dancing üíÉüèæüçæüï∫üèæ https://t.co/W1XFr8IxKJ
2020-12-08,sexy new @Apple headphones but they cost $210 MORE than @Bose excellent noise cancelling over the ear headphones and cost $200 more than @Sony also excellent WH-1000XM3 headphones?????  thats a lot.  i want bcause Apple but i dont think the price is entirely justifiable
2020-12-09,BE CAREFUL When you buy Apple products from Apple store India‚Ä¶ Their service and policies are one sided and terrible!! üò°@Apple @AppleSupport
2020-12-14,When I first bought Apple stock. No one had any idea Steve Jobs would invent the IPhone. Imagine what Elon can do that we don‚Äôt know yet.  $tsla #tesla $aapl
2020-12-16,"@fidel24m @fikay01 @Apple please stop this, not even listening on my headphones üôÉ"
2020-12-16,"The king of privacy theft, @Facebook, is running ads attacking @Apple, the leader in privacy protection. All because Apple is shifting to an opt-in system from an opt-out system for users to allow data sharing with advertisers. FB must fear folks won‚Äôt opt in. I wonder why."
2020-12-17,Hey @Apple and @Google what's missing for you to give us this new emoji? üòé\n\nBom dia porraaaaaaa https://t.co/ggxG25MvK8
2020-12-17,"This is a prototype of the opt-in panel @Apple plans to show users for every app (not just @Facebook) that wishes to track users. It merely allows users to choose whether or not to okay tracking. So, if FB tracking is fair, open and helpful, why is it so afraid of this pop-up? https://t.co/5XBxSOfUsG"
2020-12-19,Hey @Apple THIS is what people want https://t.co/j3YSjrzrCb
2020-12-23,"Happily for $TSLA investors, @tim_cook missed the reincarnation of $AAPL when @elonmusk approached him while experiencing ‚Äúproduction hell‚Äù with the Model3. An #EV is the ultimate mobile device."
2020-12-27,"Anyone else not getting sound or text notifications on some texts from @Apple on their IPhone?? Just randomly I‚Äôll think ‚Äúthey never text me back‚Äù, and I look and they did... just without notifications . Anyone else ??? Am I crazy ??"
2020-12-28,@Apple NUMBERS DON‚ÄôT LIE! Integrate both features into the next phone. https://t.co/Sz1Mz9MhMf
2020-12-29,"Look @Apple, I type fuck way more than I type duck. Cut the shit."
2020-12-31,yo @apple explain this rn https://t.co/5M7hrdCVN7
2020-12-31,2020 Returns...\nTesla $TSLA: +743%\nPeloton $PTON: +434%\nModerna $MRNA: +434%\nZoom $ZM: +396%\nBitcoin: +304%\n$AAPL: +82%\n$AMZN: +76%\nNasdaq 100 $QQQ: +49%\n$MSFT: +43%\n$GOOGL: +31%\nGold: +24%\nSmall Caps $IWM: +20%\nS&amp;P $SPY: +18%\nLT Treasuries $TLT: +18%\nBonds $AGG: +7%\nOil: -21%
2021-01-07,Lin Wood is directing people to shoot Mike Pence. https://t.co/j6wHwT0ldL
2021-01-08,Good to see this development from @Apple. @GooglePlay what are you going to do about apps being used to organize violence on your platform? https://t.co/wWVSERcRSH
2021-01-08,"Ok @Apple @AppStore, your turn. Ban Parler!"
2021-01-08,@AOC @Apple @GooglePlay Just broke: Apple has given Parler an ultimatum to implement a full moderation plan of its platform within the next 24 hours or face expulsion from the App store.\nhttps://t.co/GpxFLxIAhN
2021-01-08,What are @Apple and @GooglePlay doing about this?
2021-01-08,BREAKING: Apple has given Parler an ultimatum to implement a full moderation plan of its platform within the next 24 hours or face expulsion from the App store.\n\ncc: @slpng_giants \nhttps://t.co/GpxFLxIAhN
2021-01-08,"UPDATE: The calls for violence over on Parler are getting much, much worse.\n\nThere are now open calls for the murder of police officers and planning for violence on January 20th\n\nThis obviously severely violates the law, much less the @AppStore and @GooglePlay rules.\n\n#PullParler https://t.co/jNyYhxbBNs"
2021-01-08,.@apple @GoogleStore Remove Parler from your stores.
2021-01-09,"I want to be clear to @Twitter, @apple, @Facebook... and all you leftist assholes.  I don‚Äôt care what you do.  You are irrelevant to my life &amp; happiness.  We‚Äôre going to do as we damned well please.  #ComeAndTakeIt"
2021-01-09,"@chiproytx @Twitter @Apple @Facebook Hi. If I may, when trying to strike an I-don‚Äôt-care-about-you tone, it‚Äôs best not to come across as bitter and angry as if you do, in fact, care a great deal."
2021-01-09,"Today is the 13th anniversary of the unveiling of the @Apple iPhone by Steve Jobs, with its novel design that used ten-finger multitouch instead of keyboard or stylus. It was a monumental day in tech history. I was there and was blown away. https://t.co/xrELRayFDY"
2021-01-09,I‚Äôve been using @Apple products for forever. Any suggestions on phones comparable to the iPhone? I don‚Äôt want to support companies that censor conservatives.
2021-01-09,Has @Apple @AppStore banned Parler yet
2021-01-09,"THIS IS BIG:\n@apple is demanding that Parler moderate their platform in full.\n\nThis is the right call, as the calls for violence and death threats have gotten out of control on the platform.\n\nApple‚Äôs policies are clear and unequivocal. Good that they‚Äôre enforcing them."
2021-01-10,CONFIRMED: @apple has suspended Parler.
2021-01-10,üö® New from Apple: ‚ÄúParler has not taken adequate measures to address the proliferation of these threats to people‚Äôs safety. We have suspended Parler from the App Store until they resolve these issues.‚Äù
2021-01-10,"Now that Parler is banned from the App Store, we call on @Apple to ban Newsmax and OANN apps immediately for spreading disinformation that led to the terrorist attack against the United States."
2021-01-10,This is an incredibly exciting time to be a tech entrepreneur. More than half of our country (&amp; world) is looking for an alternative to @Apple and @Google \n\n@elonmusk could overtake them both‚Äîvirtually overnight‚Äî if he announced an E-phone with its own operating service.
2021-01-11,"New: #Parler CEO John Matze says the site ""will likely be down longer than expected"" as more vendors drop, following @Apple, @Google &amp; @Amazon.\n\nHe says other companies with enough server space to host the site have also ""shut their doors.""\n\nMatze posted abt 20 min agoüëá https://t.co/dcuhyG07HR"
2021-01-11,"The internet was a hell of a lot safer before @Twitter, @Apple, @Google, and @Facebook started protecting us from it."
2021-01-13,BREAKING: Feds say Capitol attack coordinated in part on Twitter. @apple @google @amazon declining to cut service to social media site involved in 1/6... https://t.co/Bd2OrepDcX
2021-01-14,"BREAKING: Today I launched an investigation into @Google @Facebook @Twitter @amazon &amp; @Apple investigating their policies &amp; practices regarding content moderation and for information related to Parler, a social media app terminated or blocked. https://t.co/yKjetiMGSX"
2021-01-15,"Dear @Apple , I‚Äôve never once tried to type ducking, please stop auto correcting.\n\n-Sincerely everyone."
2021-01-20,Exciting day - today's my first day at \uf8ff @Apple
2021-01-24,Yo @SpeakerPelosi what do you think about the $AAPL $100 strike Jan 2023 calls for $50? Thx üôèüèΩ
2021-01-26,"THEY DID IT: $GME was the most traded equity on the planet today w/ $20b in volume, more than $SPY, $AAPL and even the Mighty $TSLA. Surreal. https://t.co/UxJPttsg4t"
2021-01-27,BREAKING: Fed to keep printing until GameStop is bigger than $AAPL.
2021-01-27,"I‚Äôm not crying, you‚Äôre crying \n#WSB $GME $BB $PLTR $TSLA $BBBY $NOK $KODK $SRNE $AMC $EXPR $PTON $BABA $MSFT $AAPL $AMZN https://t.co/a5hXdsHuuf"
2021-01-28,So what if everyone buys $AAPL &amp; $TSLA? Are they gonna remove them from trading too?
2021-01-29,"I‚Äôve been sitting on this all week, but I‚Äôm excited to finally announce... that I‚Äôm joining the Worldwide Developer Relations team @Apple! üéâüçéüíï https://t.co/2zwc3qaQsG"
2021-01-29,There is levels to this stuff...\n#WSB $GME $TSLA $EXPR $AAPL $MSFT $SQ $PLTR $BBBY $KOD $NOK $BABA $NIO $AMC $AMD https://t.co/QTsYOJoLDV
2021-01-29,"Wall Street Week...\nKoss $KOSS: +1,740%\nBlockbuster $BLIAQ: +1,233%\nDogecoin $DOGE: +513%\nGameStop $GME: +405%\nAMC $AMC: +280%\nExpress $EXPR: +234%\nNovavax $NVAX: +74%\nVolatility Index $VIX: +51%\n---\nNasdaq 100 $QQQ: -3.3%\nS&amp;P 500 $SPY: -3.3%\nApple $AAPL: -5.2%\nTesla $TSLA: -6.3%"
2021-02-01,"After almost 1 year contracting for @Apple \uf8ff, we are taking our relationship a step forward and I'm joining as a full-time employee today. ü•≥\n\nI'll continue working remotely as a frontend engineer with my team in Cupertino from Barcelona.\nLooking forward to this new chapter! ‚ú®"
2021-02-05,"I will continue to find you stocks under $30.\n\nI will help you find the next $TSLA, $AAPL, etc.\n\nIt's time to help our families and our loved ones. Enough of the struggles - let's go. üí™"
2021-02-09,"@iwanimawocha @Biisi96 @Disney - the voice over you\'ve been looking for?\n\n@Nickelodeon/@NickAfrica  - the female voice over you\'ve ever needed!\n\n@Google - the ""African"" Hey Google you should be integrating into Google.\n\n@Siri/@Apple - well, an extra voice shouldn\'t be a bad idea.\n\nP.S. it\'s a ""Black""."
2021-02-12,$BTC about to pull a $TSLA\n\n$ETH about to pull an $AAPL\n\n$DOT about to pull an $AMZN\n\n$LINK about to pull a $GOOGL\n\n$XRP about to pull a $GME
2021-02-12,This is the earliest known @Apple prototype of an iPad/Laptop Hybrid. It's from 1983 and looks absolutely wild. https://t.co/hXfA4rtpgm
2021-02-23,"""We are going to see a day when 7-8 billion people have a bar of digital gold on their phone, and they are using it to store their life savings,"" says @michael_saylor #btc. https://t.co/ksF6lYE9bd"
2021-02-23,"#Bitcoin is the dominant digital monetary network.  It reached a $1 trillion market cap faster than $AAPL, $AMZN, $GOOG, or $MSFT, and it is inevitable that billions of people will rely on it to store &amp; channel their monetary energy."
2021-03-03,It‚Äôs now $AAPL + $GOOG vs $FB. \n\nMy short is paying off...\n\nhttps://t.co/lJqn4zRnPn
2021-03-04,"8,000 hours of music that took me 35 years to collect uploaded to the iCloud now seemingly gone forever and no one at @Apple has been able to help. I‚Äôm about to lose my goddamn mind. Please advise @tim_cook @stevewoz @AppleMusic"
2021-03-10,"JUST IN: Former Country Manager, Android at Google Nigeria and former Head of Content Partnerships, Sub Saharan Africa at\nYouTube, #TejuAjani has joined @Apple as Managing Director for #Nigeria to oversee sales and business development. https://t.co/qnnvhG6wu9"
2021-03-15,Hell Yeah  @Apple \n\n FRANCO X PELL X CURRY https://t.co/6UIhcg29Bh
2021-04-04,Face ID is so dumb @Apple bring the button back
2021-04-05,**~ some super exciting personal news ~** \n\ni‚Äôll be joining @apple full-time this summer as a machine learning engineer! gonna be moving to the west coast &amp; working at my dream company in a few short months üòä https://t.co/tvR1BCUfCE
2021-04-06,Hey @apple I hate your AirPods so much
2021-04-14,The entire crypto market cap is now $2.26 trillion according to @CoinMarketCap.\n\nEvery crypto combined is currently valued the same as just one company: Apple $AAPL. https://t.co/JUNhn6XsRd
2021-04-16,"üéä #KleverFriday #Giveaway üéä\n\nTo celebrate @Apple Pay integration as a new payment method for buying #KLV &amp; crypto in #klever, we're giving away 50,000 $KLV to 25 #klever winners!\n\nAll you need to do is Like + RT + Follow @klever_io!\n\nCrypto is difficult but it shouldn‚Äôt be üíú https://t.co/HRICzuSLzA"
2021-04-17,FIRE RAGING AT APPLE STORE #portland #riot @KOINNews https://t.co/7jrrdOdg21
2021-04-17,Breaking: #Antifa in Portland have set the downtown @Apple store building on fire. There was security staff there. The business had only recently reopened following months of nightly rioting. The store also turned itself into a BLM memorial. #PortlandRiots
2021-04-19,"Hey @Apple, why are you letting Parler back on App Store knowing full well they promote terrorism and are a white supremacist hub with ties to Russian money? That‚Äôs gross."
2021-04-20,"IT'S NOMINEE TIME! üåü The nominees for the 25th Annual Webby Awards have officially been announced, including @apple, @BTS_twt, @hulu, @trevornoah, @dualipa, @hbo, @theestallion and more! üó≥ VOTE NOW for your favorites ‚Üí https://t.co/Ga4VX9QvG6 https://t.co/ghRJGbzgwh"
2021-04-21,if @apple doesn‚Äôt collab with taylor swift for the iphone 13 then what‚Äôs the point of all these https://t.co/DTpl4wLpPL
2021-04-22,You can now use @Apple Pay and @GooglePay to buy #bitcoin and other cryptos on @Gemini. üöÄ https://t.co/nzWISaGqVK
2021-04-24,"Thrilled to announce that I‚Äôll be joining @apple as a Frameworks Engineer. \nMore precisely, I will be joining the SwiftUI Team to help build the future of app development. Beyond excited!"
2021-04-26,BREAKING: @Apple will build new $1B technology campus in Wake County. NC just approved $845M in economic incentives over 39 years. Thousands of jobs coming. Starting salary $187K. Team coverage on @wral. https://t.co/MKYStJu3xn
2021-04-26,"Welcome to North Carolina, @Apple. https://t.co/JEVbRVioF2"
2021-04-27,@walkers_crisps there is only one emoji i need #BTS_Butter https://t.co/bmPhOankra
2021-04-27,petition for a #BTS_Butter emoji @Apple üíúüôè
2021-04-29,"Q1 Revenue Growth, YoY % Change...\nTesla $TSLA: +73.6%\nApple $AAPL: +53.6%\nFacebook $FB: +47.5%\nAmazon $AMZN: +43.8%\nGoogle $GOOGL: +34.4%\nNetflix $NFLX: +24.1%\nMicrosoft $MSFT: +19.1%\nS&amp;P 500 $SPY: +5.6%"
2021-04-29,men only want one thing and it‚Äôs a 1980 $AAPL call option
